,b,b_se,m
CASH,0.014482411289849765,0.006344825511194197,0.014819401239800412
FLCOX,0.0946458229808816,0.040414860302947477,0.10801875044193499
FSKAX,0.12070240548141152,0.04069205234417728,0.1388686271423909
FXNAX,0.020675125621679107,0.012292524926772781,0.02244859292371082
FTIHX,0.05546930258338666,0.04591184698667555,0.070587831535732
