,b,b_se,m
CASH,0.042271311045125874,0.01175790217363283,0.04324771750749079
FLCOX,0.1283309844211689,0.06240253856535075,0.14114512937220125
FSKAX,0.158869994424954,0.07021341803643864,0.17811302057197342
FXNAX,0.029077182862737822,0.03402330007662956,0.03068552513110201
FTIHX,0.14274844258571057,0.08131470719585321,0.16208281417330594
