,b,b_se,m
CASH,0.027639866161257732,0.007423183387280151,0.028192818765719885
FLCOX,0.10256643213717073,0.031204143028664953,0.11447292502520168
FSKAX,0.133119611288353,0.03715470399098095,0.15113639157553327
FXNAX,0.01033419552805848,0.023689786247034546,0.012091693194490327
FTIHX,0.08094366475063969,0.041876033566478114,0.0956913473530725
