,w,w_q10,w_med,w_q90
FLCOX,0.0,0.0,0.05224030969185899,1.0
FSKAX,0.9249559053671186,0.0,0.3480889015438881,1.0
FXNAX,8.532198275529857e-18,0.0,7.07992488962507e-18,0.19435383377122814
FTIHX,0.07504409463288164,0.0,5.606638132818302e-17,0.436597968130307
