,w,w_q10,w_med,w_q90
FLCOX,1.6653345369377348e-16,0.0,8.884701330340176e-17,0.6214446254678435
FSKAX,1.0,1.6375789613221075e-16,0.24652555475471766,0.9999999999999999
FXNAX,1.3877787807814457e-17,0.0,0.6040592233418708,0.9180001317832056
FTIHX,0.0,0.0,0.0,2.0638148466617156e-15
