,w,w_q10,w_med,w_q90
FLCOX,1.6653345369377348e-16,0.0,6.931764697503356e-15,1.0
FSKAX,0.9999999999999999,0.0,0.4436940033069459,1.0
FXNAX,7.632783294297951e-17,0.0,8.167769303783767e-17,0.7067195156207092
FTIHX,5.898059818321144e-17,0.0,0.0,8.345222440410879e-16
